[
  {
    "name": "! Create Custom App",
    "image": "/assets/media/icons/custom.webp",
    "categories": ["all"],
    "custom": "true"
  },
  {
    "name": "! [NEW] Request An App",
    "link": "https://forms.gle/3yXuz6Hk1DhZbEAg6",
    "image": "/assets/media/icons/request.webp",
    "categories": ["all"]
  },
  {
    "name": "Xbox Cloud Gaming",
    "link": "www.xbox.com/en-us/play",
    "image": "https://cdn2.steamgriddb.com/icon_thumb/164f545c22e17e5e9298b1c84b9e3e1e.png",
    "categories": ["all"]
  },
  {
    "name": "Amazon",
    "link": "https://amazon.com/",
    "image": "/assets/media/icons/amazon.webp",
    "categories": ["all", "media"]
  },
  {
    "name": "Steam",
    "link": "https://steampowered.com/",
    "image": "/assets/media/icons/steam.ico",
    "categories": ["all"],
    "say": "Steam can't actually be added because it's an app, not a website. This only lets you browse the Steam website, you can't actually play any games unless you use Geforce Now."
  },
  {
    "name": "BuzzFeed Quizzes",
    "link": "https://buzzfeed.com/quizzes",
    "image": "/assets/media/icons/buzzfeed.webp",
    "categories": ["all", "media"]
  },
  {
    "name": "Guilded",
    "link": "https://guilded.gg",
    "image": "/assets/media/icons/guilded.webp",
    "categories": ["all", "social"]
  },
  {
    "name": "Android",
    "link": "https://now.gg/iframe/snippet?app_pkg=com.uncube.launcher3&partner=interstellar",
    "image": "/assets/media/icons/android.webp",
    "categories": ["all", "emu", "android"]
  },
  {
    "name": "Temu",
    "link": "https://temu.com",
    "image": "/assets/media/icons/temu.webp",
    "categories": ["all"]
  },
  {
    "name": "Character AI",
    "link": "https://now.gg/iframe/snippet?app_pkg=ai.character.app&partner=interstellar",
    "image": "/assets/media/icons/characterai.webp",
    "categories": ["all", "emu", "android"]
  },
  {
    "name": "Aptoide",
    "link": "https://now.gg/iframe/snippet?app_pkg=com.aptoide.partners.nowgg.store&partner=interstellar",
    "image": "/assets/media/icons/aptoide.webp",
    "categories": ["all", "emu", "android"]
  },
  {
    "name": "Movie Web",
    "link": "https://movie-web.app",
    "image": "/assets/media/icons/movie-web.webp",
    "categories": ["all", "media", "stream"]
  },
  {
    "name": "Scratch",
    "link": "https://scratch.mit.edu",
    "image": "/assets/media/icons/scratch.webp",
    "categories": ["all", "social", "game", "media"]
  },
  {
    "name": "Chess.com",
    "link": "https://chess.com",
    "image": "/assets/media/icons/chess.webp",
    "categories": ["all", "game"]
  },
  {
    "name": "Cool Math Games",
    "link": "https://coolmathgames.com",
    "image": "/assets/media/icons/coolmath.webp",
    "categories": ["all", "game"]
  },
  {
    "name": "Discord",
    "link": "https://canary.discord.com",
    "image": "/assets/media/icons/discord.webp",
    "categories": ["all", "social"]
  },
  {
    "name": "DuckDuckGo",
    "link": "https://start.duckduckgo.com/",
    "image": "/assets/media/icons/duckduckgo.webp",
    "categories": ["all"]
  },
  {
    "name": "ESPN",
    "link": "https://www.espn.com/watch/",
    "image": "/assets/media/icons/espn.webp",
    "categories": ["all", "media"]
  },
  {
    "name": "Fifa Rosters",
    "link": "https://fifarosters.com/",
    "image": "/assets/media/icons/fifa.webp",
    "categories": ["all", "media"]
  },
  {
    "name": "Firefox Web Browser",
    "link": "https://replit.com/@cooleddie001/Firefox-Legacy?v=1",
    "image": "/assets/media/icons/firefox.webp",
    "categories": ["all", "media"]
  },
  {
    "name": "Flix HQ",
    "link": "https://flixhq.to",
    "image": "/assets/media/icons/flixhq.webp",
    "categories": ["all", "media"]
  },
  {
    "name": "Geforce NOW",
    "link": "https://play.geforcenow.com",
    "image": "/assets/media/icons/geforce-now.webp",
    "categories": ["all", "stream", "cloud"]
  },
  {
    "name": "Github",
    "link": "https://github.com",
    "image": "/assets/media/icons/github.webp",
    "categories": ["all", "media"]
  },
  {
    "name": "Google",
    "link": "https://google.com",
    "image": "/assets/media/icons/google.webp",
    "categories": ["all", "media"]
  },
  {
    "name": "HBO MAX",
    "link": "https://www.hbomax.com/",
    "image": "/assets/media/icons/hbo.webp",
    "categories": ["all", "stream"]
  },
  {
    "name": "Messenger",
    "link": "https://messenger.com/",
    "image": "/assets/media/icons/messenger.webp",
    "categories": ["all", "social", "message"]
  },
  {
    "name": "Paramount Plus",
    "link": "https://paramountplus.com",
    "image": "/assets/media/icons/paramount.webp",
    "categories": ["all", "stream"]
  },
  {
    "name": "Pinterest",
    "link": "https://pinterest.com",
    "image": "/assets/media/icons/pinterest.webp",
    "categories": ["all", "media"]
  },
  {
    "name": "Pixlr",
    "link": "https://pixlr.com/",
    "image": "/assets/media/icons/pix.webp",
    "categories": ["all", "media"]
  },
  {
    "name": "Poki",
    "link": "https://poki.com",
    "image": "/assets/media/icons/poki.webp",
    "categories": ["all", "game"]
  },
  {
    "name": "Soundcloud",
    "link": "https://soundcloud.com",
    "image": "/assets/media/icons/soundcloud.webp",
    "categories": ["all", "media"]
  },
  {
    "name": "Spotify",
    "image": "/assets/media/icons/spotify.webp",
    "categories": ["all", "media"],
    "error": true
  },
  {
    "name": "Telegram",
    "link": "https://web.telegram.org/",
    "image": "/assets/media/icons/telegram.webp",
    "categories": ["all", "social"]
  },
  {
    "name": "Tiktok",
    "link": "https://tiktok.com",
    "image": "/assets/media/icons/tiktok.webp",
    "categories": ["all", "social", "media"]
  },
  {
    "name": "Tumblr",
    "link": "https://tumblr.com/",
    "image": "/assets/media/icons/tumblr.webp",
    "categories": ["all", "social"]
  },
  {
    "name": "Twitch",
    "link": "https://twitch.tv",
    "image": "/assets/media/icons/twitch.webp",
    "categories": ["all", "stream", "media"]
  },
  {
    "name": "Twitter",
    "link": "https://twitter.com",
    "image": "/assets/media/icons/twitter.webp",
    "categories": ["all", "social", "media"]
  },
  {
    "name": "VS Code",
    "link": "https://vscode.dev",
    "image": "/assets/media/icons/vscode.webp",
    "categories": ["all", "tool"]
  },
  {
    "name": "Y8 Games",
    "link": "https://y8.com/",
    "image": "/assets/media/icons/y8.webp",
    "categories": ["all", "game"]
  },
  {
    "name": "YouTube",
    "image": "/assets/media/icons/youtube.webp",
    "categories": ["all", "social", "stream", "media"],
    "error": true,
    "say": "YouTube is currently not working. Use Invidious Instead."
  },
  {
    "name": "YouTube (Invidious)",
    "link": "https://vid.puffyan.us/",
    "image": "/assets/media/icons/youtube.webp",
    "categories": ["all", "social", "stream", "media"]
  },
  {
    "name": "Whatsapp",
    "link": "https://web.whatsapp.com/",
    "image": "/assets/media/icons/whatsapp.webp",
    "categories": ["all", "message", "social"]
  },
  {
    "name": "Wattpad",
    "link": "https://wattpad.com/",
    "image": "/assets/media/icons/wattpad.webp",
    "categories": ["all", "social"]
  },
  {
    "name": "ChatGPT Clone",
    "link": "https://chat.shuttleai.app/",
    "image": "/assets/media/icons/chatgpt.webp",
    "categories": ["all", "AI"]
  },
  {
    "name": "Discord - Login",
    "link": "https://canary.discord.com/login",
    "image": "/assets/media/icons/discord.webp",
    "categories": ["all", "social"],
    "blank": "true"
  },
  {
    "name": "HD Today",
    "link": "https://hdtoday.tv",
    "image": "/assets/media/icons/hd.webp",
    "categories": ["all", "media", "stream"]
  },
  {
    "name": "Now.GG",
    "link": "https://now.gg",
    "image": "/assets/media/icons/now-gg.webp",
    "categories": ["all", "emu", "android"]
  },
  {
    "name": "Now.GG (NowGG.me) [Working]",
    "link": "https://nowgg.me",
    "image": "/assets/media/icons/shuttle.webp",
    "categories": ["all", "emu", "android"]
  },
  {
    "name": "Vercel",
    "link": "https://vercel.com",
    "image": "/assets/media/icons/vercel.webp",
    "categories": ["all", "tool"]
  },
  {
    "name": "Amazon Luna",
    "link": "https://luna.amazon.com/",
    "image": "/assets/media/icons/amazon-luna.webp",
    "categories": ["all", "game", "cloud"],
    "blank": "true"
  },
  {
    "name": "Google Gemini ",
    "link": "https://gemini.google.com",
    "image": "/assets/media/icons/gemini.webp",
    "categories": ["all", "ai"]
  },
  {
    "name": "Google Mail (Gmail)",
    "link": "https://mail.google.com/",
    "image": "/assets/media/icons/gmail.webp",
    "categories": ["all", "mail"],
    "blank": "true",
    "partial": "true"
  },
  {
    "name": "Outlook",
    "link": "https://outlook.live.com/",
    "image": "/assets/media/icons/outlook.webp",
    "categories": ["all", "mail"],
    "dy": "true",
    "partial": "true"
  },
  {
    "name": "Snapchat",
    "image": "/assets/media/icons/snap.webp",
    "categories": ["all", "social", "message", "media"],
    "error": "true"
  },
  {
    "name": "W3Schools",
    "link": "https://www.w3schools.com",
    "image": "/assets/media/icons/W3Schools.png",
    "categories": ["all"]
  },
  {
    "name": "Newgrounds",
    "link": "https://www.newgrounds.com",
    "image": "/assets/media/icons/ng.png",
    "categories": ["all", "social", "game", "media"]
  },
  {
    "name": "Instagram",
    "image": "/assets/media/icons/insta.webp",
    "categories": ["all", "social", "message", "media"],
    "error": "true"
  }
]
